<?xml version="1.0" encoding="UTF-8"?>
<project-private xmlns="http://www.netbeans.org/ns/project-private/1">
    <editor-bookmarks xmlns="http://www.netbeans.org/ns/editor-bookmarks/2" lastBookmarkId="0"/>
    <open-files xmlns="http://www.netbeans.org/ns/projectui-open-files/2">
        <group>
            <file>file:/C:/Users/1BestCsharp/Documents/NetBeansProjects/Java_Car_Rental/src/java_car_rental/Form_BookCar.java</file>
            <file>file:/C:/Users/1BestCsharp/Documents/NetBeansProjects/Java_Car_Rental/src/java_car_rental/Form_Login.java</file>
            <file>file:/C:/Users/1BestCsharp/Documents/NetBeansProjects/Java_Car_Rental/src/java_car_rental/Form_Brands.java</file>
            <file>file:/C:/Users/1BestCsharp/Documents/NetBeansProjects/Java_Car_Rental/src/java_car_rental/Form_Cars.java</file>
            <file>file:/C:/Users/1BestCsharp/Documents/NetBeansProjects/Java_Car_Rental/src/java_car_rental/Form_Locations.java</file>
            <file>file:/C:/Users/1BestCsharp/Documents/NetBeansProjects/Java_Car_Rental/src/java_car_rental/Form_Booking_Edit_Remove.java</file>
            <file>file:/C:/Users/1BestCsharp/Documents/NetBeansProjects/Java_Car_Rental/src/java_car_rental/Form_CarImages.java</file>
        </group>
    </open-files>
</project-private>
